Egg Number,Width,Height,Egg Shape Index,Sphericity,Eccentricity,Sex
1,987,751,0.7608915907,0.587363682,0.6488790236,0
2,1000,756,0.756,0.576108288,0.6545716156,0
3,979,719,0.7344228805,0.5281743814,0.6786921486,0
4,999,772,0.7727727728,0.6153102829,0.6346827882,1
5,1011,755,0.746785361,0.5552980197,0.6650651281,0
6,931,750,0.8055853921,0.6970653318,0.5924796841,1
7,1024,755,0.7373046875,0.5344163316,0.6755603584,0
8,992,748,0.7540322581,0.5716214454,0.6568373876,0
9,1060,775,0.7311320755,0.5211062096,0.6822359476,0
10,991,783,0.790110999,0.6576624701,0.6129637912,1
11,1056,787,0.7452651515,0.5519137057,0.6667682161,0
12,956,733,0.7667364017,0.6010034758,0.641962063,1
13,1001,753,0.7522477522,0.5675726149,0.6588803527,0
14,959,758,0.7904066736,0.6584010761,0.6125824763,1
15,994,766,0.7706237425,0.6101911329,0.637290395,1
16,998,750,0.751503006,0.5658885451,0.6597296658,0
17,1030,759,0.7368932039,0.5335220709,0.676009176,0
18,1025,741,0.7229268293,0.5037577776,0.6909245976,0
19,1047,739,0.70582617,0.4688479342,0.7083850773,0
20,936,715,0.7638888889,0.5943322759,0.6453477864,0
21,1033,786,0.7608906099,0.5873614106,0.6488801737,0
22,992,743,0.7489919355,0.5602349021,0.6625791127,0
23,1108,767,0.6922382671,0.4422883981,0.7216690249,0
24,1004,778,0.7749003984,0.6204065713,0.6320833589,1
25,1021,763,0.7473065622,0.5564615027,0.6644794219,0
26,1012,749,0.7401185771,0.5405584395,0.6724763876,0
27,1075,746,0.6939534884,0.4455842446,0.7200198303,0
28,947,733,0.7740232313,0.6183021028,0.6331571981,1
29,997,759,0.7612838516,0.5882725575,0.648418767,0
30,1007,741,0.7358490566,0.5312573467,0.6771456017,0
31,1108,736,0.6642599278,0.3907985093,0.7475016711,0
32,1033,794,0.7686350436,0.605479271,0.6396875564,1
33,1034,791,0.7649903288,0.596906861,0.6440417664,1
34,1003,760,0.7577268195,0.5800650703,0.6525718864,0
35,1047,780,0.7449856734,0.5512930274,0.6670804648,0
36,983,763,0.7761953204,0.6235220222,0.6304925253,1
37,1062,780,0.7344632768,0.5282615416,0.6786484325,0
38,952,734,0.7710084034,0.6111053294,0.6368249696,1
39,1084,781,0.7204797048,0.4986593788,0.6934760234,0
40,1045,750,0.7177033493,0.4929168398,0.6963489803,0
41,1030,789,0.7660194175,0.5993190358,0.6428174329,1
42,1010,734,0.7267326733,0.5117558254,0.6869203896,0
43,1075,755,0.7023255814,0.461906633,0.7118558686,0
44,1104,785,0.7110507246,0.4793364848,0.7031407164,0
45,1017,759,0.7463126844,0.5542442619,0.6655955057,0
46,949,705,0.7428872497,0.5466476058,0.6694165625,0
47,1063,755,0.7102539981,0.4777270117,0.7039454937,0
48,1013,732,0.7226061204,0.5030876355,0.6912600051,0
49,1033,758,0.733785092,0.5267995423,0.6793816592,0
50,956,732,0.7656903766,0.5985470614,0.6432093339,1
51,1047,803,0.7669531996,0.6015134288,0.6417030385,1
52,997,733,0.7352056169,0.5298649418,0.6778441568,0
53,1039,796,0.7661212705,0.5995581311,0.6426960393,1
54,953,730,0.7660020986,0.5992783869,0.6428380705,1
55,1009,799,0.7918731417,0.6620725405,0.6106856208,1
56,977,741,0.758444217,0.5817142054,0.6517379609,0
57,978,735,0.7515337423,0.5659579822,0.6596946522,0
58,984,743,0.7550813008,0.5740105606,0.6556311685,0
59,1015,770,0.7586206897,0.5821203548,0.6515325389,0
60,1028,738,0.7178988327,0.493319722,0.6961474456,0
61,1016,779,0.7667322835,0.6009937918,0.6419669816,1
62,1007,730,0.7249255214,0.5079475914,0.6888272559,0
63,1024,747,0.7294921875,0.517607633,0.6839891435,0
64,1000,729,0.729,0.516560652,0.684513696,0
65,989,787,0.7957532861,0.6718526877,0.6056209273,1
66,977,734,0.7512794268,0.5653836239,0.6599842595,0
67,1040,760,0.7307692308,0.5203307541,0.6826245904,0
68,1052,747,0.7100760456,0.4773680215,0.7041249956,0
69,996,750,0.7530120482,0.5693043622,0.6580067289,0
70,942,722,0.7664543524,0.6003404701,0.6422987822,1
71,1076,762,0.7081784387,0.4735510857,0.7060334971,0
72,1029,769,0.7473275024,0.5565082817,0.6644558707,0
73,1072,768,0.7164179104,0.4902730722,0.6976713966,0
74,1011,750,0.7418397626,0.5443385098,0.6705771892,0
75,1047,722,0.6895893028,0.4372303336,0.7242006583,0
76,982,755,0.7688391039,0.6059616342,0.6394422823,1
77,1012,751,0.7420948617,0.5449002537,0.6702948726,0
78,965,743,0.7699481865,0.6085877941,0.6381064097,1
79,1048,754,0.7194656489,0.4965567916,0.6945280269,0
80,1019,738,0.7242394504,0.5065067881,0.6895485613,0
81,978,741,0.7576687117,0.57993163,0.6526393517,0
82,990,726,0.7333333333,0.5258271605,0.6798692685,0
83,1095,764,0.697716895,0.4528730268,0.7163735998,0
84,1010,751,0.7435643564,0.5481436991,0.6686643761,0
85,1025,784,0.7648780488,0.5966440699,0.6441751086,0
86,1057,748,0.7076631977,0.4725182298,0.7065499265,0
87,1021,726,0.7110675808,0.4793705751,0.7031236702,0
88,1055,741,0.7023696682,0.4619936238,0.7118123693,0
89,1013,760,0.7502467917,0.5630554641,0.661157887,0
90,981,776,0.7910295617,0.6599588821,0.6117779275,1
91,1099,756,0.6878980892,0.4340213024,0.7258072877,0
92,1003,775,0.7726819541,0.6150933689,0.6347933504,1
93,1063,784,0.7375352775,0.5349179002,0.6753086068,0
94,981,697,0.7104994903,0.4782225477,0.7036977151,0
95,1020,721,0.7068627451,0.470916617,0.7073507331,0
96,987,755,0.7649442756,0.5967990642,0.6440964642,1
97,1048,764,0.7290076336,0.5165768794,0.6845055662,0
98,1029,763,0.7414965986,0.5435834506,0.6709566262,0
99,1062,741,0.697740113,0.4529182393,0.7163509857,0
100,1054,741,0.7030360531,0.4633098441,0.7111542083,0
101,1008,746,0.7400793651,0.5404725266,0.6725195413,0
102,973,747,0.7677286742,0.6033398643,0.6407750641,1
103,1114,749,0.6723518851,0.4052552196,0.7402316817,0
104,965,743,0.7699481865,0.6085877941,0.6381064097,1
105,1056,717,0.6789772727,0.4173538739,0.73415929,0
106,957,724,0.7565308255,0.5773226838,0.6539580339,0
107,1041,775,0.7444764649,0.5501633497,0.6676487049,0
108,965,733,0.7595854922,0.5843441768,0.6504074723,0
109,1037,737,0.7107039537,0.4786355268,0.7034912154,0
110,1068,737,0.6900749064,0.4381546672,0.7237379523,0
111,1100,772,0.7018181818,0.4609062339,0.7123561186,0
112,986,729,0.7393509128,0.5388781527,0.673320301,0
113,1034,778,0.752417795,0.5679575947,0.6586861634,0
114,930,728,0.7827956989,0.6395640277,0.622278791,1
115,1050,760,0.7238095238,0.5056052982,0.6899998357,0
116,1069,803,0.7511693171,0.5651350676,0.6601095796,0
117,1026,759,0.7397660819,0.5397864543,0.672864135,0
118,950,740,0.7789473684,0.6301777713,0.6270893056,1
119,1112,779,0.7005395683,0.4583917027,0.7136135601,0
120,1006,740,0.7355864811,0.5306888385,0.6774308295,0
121,1015,760,0.7487684729,0.5597336115,0.6628316332,0
122,972,748,0.7695473251,0.6076377339,0.6385897857,1
123,1027,730,0.7108081792,0.4788461348,0.7033859058,0
124,998,735,0.7364729459,0.5326097716,0.6764669984,0
125,1000,764,0.764,0.5945916587,0.6452162428,0
126,956,734,0.7677824268,0.6034666018,0.6407106563,1
127,1036,723,0.6978764479,0.4531837849,0.7162181675,0
128,986,748,0.7586206897,0.5821203548,0.6515325389,0
129,1034,757,0.7321083172,0.5231964142,0.6811882353,0
130,925,708,0.7654054054,0.5978790165,0.6435484173,1
131,1040,754,0.725,0.5081041667,0.6887488657,0
132,981,739,0.753312946,0.5699871038,0.6576622275,0
133,1024,776,0.7578125,0.5802618663,0.6524723863,0
134,965,716,0.7419689119,0.5446228563,0.6704342874,0
135,1060,779,0.7349056604,0.5292166677,0.6781693523,0
136,1033,710,0.6873184898,0.4329251521,0.7263561754,0
137,992,766,0.7721774194,0.6138892509,0.6354069822,1
138,978,756,0.773006135,0.6158678861,0.6343985461,1
139,1042,761,0.7303262956,0.5193851759,0.683098457,0
140,1006,712,0.7077534791,0.4726990999,0.7064594913,0
141,1025,742,0.723902439,0.5058000364,0.6899023545,0
142,1049,787,0.7502383222,0.5630363954,0.6611674976,0
143,1101,760,0.6902815622,0.4385484259,0.7235408522,0
144,1033,746,0.7221684414,0.5021740359,0.6917172415,0
145,1059,750,0.7082152975,0.4736250307,0.7059965244,0
146,1003,752,0.7497507478,0.5619393688,0.6617203459,0
147,1051,759,0.7221693625,0.5021759574,0.6917162799,0
148,1020,751,0.7362745098,0.5321793667,0.6766829732,0
149,1070,778,0.7271028037,0.5125381471,0.6865285958,0
150,1023,757,0.7399804497,0.5402558447,0.6726283774,0
151,1020,789,0.7735294118,0.617119445,0.6337604036,1
152,981,717,0.7308868502,0.5205820406,0.6824986537,0
153,1002,740,0.7385229541,0.5370697987,0.6742283339,0
154,989,731,0.7391304348,0.5383962083,0.6735623211,0
155,1089,795,0.7300275482,0.5187480573,0.6834177192,0
156,954,744,0.7798742138,0.6324299362,0.6259362672,1
157,968,791,0.8171487603,0.7275152732,0.5764268414,1
158,1008,781,0.7748015873,0.6201692689,0.6322044767,1
159,1089,749,0.6877869605,0.4338109904,0.7259125959,0
160,1003,739,0.7367896311,0.5332971377,0.6761220596,0
161,1021,766,0.750244858,0.5630511103,0.6611600813,0
162,927,734,0.7918015102,0.6618928869,0.6107784937,1
163,1021,734,0.7189030362,0.4953927998,0.6951103686,0
164,978,749,0.7658486708,0.5989183581,0.64302085,1
165,957,757,0.7910135841,0.6599188925,0.6117985859,1
166,1021,768,0.7522037218,0.5674729576,0.6589306191,0
167,1003,749,0.7467597208,0.5552408248,0.6650939177,0
168,1059,762,0.7195467422,0.4967247162,0.694444012,0
169,1037,759,0.7319189971,0.52279063,0.6813916507,0
170,926,722,0.7796976242,0.6320004235,0.6261562224,1
171,1058,772,0.7296786389,0.5180046216,0.6837902338,0
172,989,731,0.7391304348,0.5383962083,0.6735623211,0
173,1023,755,0.7380254154,0.5359850674,0.6747729145,0
174,991,748,0.7547931382,0.5733536304,0.6559628941,0
175,999,752,0.7527527528,0.5687164544,0.6583033444,0
176,1028,753,0.7324902724,0.5240157268,0.6807774973,0
177,1005,767,0.7631840796,0.5926886945,0.6461811361,0
178,932,703,0.7542918455,0.5722120176,0.6565392691,0
179,983,754,0.7670396745,0.6017169157,0.641599671,1
180,978,716,0.7321063395,0.5231921741,0.6811903608,0
181,994,790,0.7947686117,0.6693616974,0.6069125587,1
182,982,725,0.7382892057,0.5365599995,0.6744842835,0
183,1066,782,0.7335834897,0.5263654582,0.6795993405,0
184,1046,752,0.7189292543,0.495447002,0.6950832521,0
185,951,745,0.7833859096,0.6410117702,0.6215356118,1
186,967,755,0.7807652534,0.6346001483,0.6248244707,1
187,1026,766,0.746588694,0.5548594195,0.665285895,0
188,1020,737,0.7225490196,0.5029683819,0.6913196903,0
189,992,788,0.7943548387,0.668316791,0.6074540231,1
190,1028,764,0.7431906615,0.5473176686,0.6690796968,0
191,999,746,0.7467467467,0.5552118852,0.6651084846,0
192,1040,731,0.7028846154,0.4630105103,0.7113038854,0
193,996,734,0.7369477912,0.5336406458,0.6759496676,0
194,1046,763,0.7294455067,0.517508273,0.6840389264,0
195,1048,770,0.7347328244,0.5288433701,0.6783566,0
196,984,770,0.7825203252,0.6388893031,0.6226250402,1
197,968,767,0.7923553719,0.6632828321,0.6100598041,1
198,964,727,0.7541493776,0.5718878468,0.6567029133,0
199,1060,769,0.7254716981,0.5090965573,0.6882519998,0
200,993,742,0.7472306143,0.5562918623,0.6645648268,0
201,994,774,0.7786720322,0.6295097565,0.6274311646,1
202,947,720,0.7602956705,0.5859847163,0.6495771651,0
203,1060,773,0.729245283,0.5170822413,0.6842523783,0
204,1081,742,0.6864014801,0.4311946568,0.727222805,0
205,1042,765,0.7341650672,0.5276183424,0.678971026,0
206,1032,767,0.7432170543,0.5473759811,0.6690503795,0
207,1075,783,0.728372093,0.5152270193,0.6851817964,0
208,1037,749,0.7222757956,0.5023980216,0.691605144,0
209,972,728,0.7489711934,0.5601883591,0.6626025592,0
210,993,740,0.7452165156,0.5518056594,0.6668225738,0
211,1096,789,0.7198905109,0.497436998,0.6940876402,0
212,1039,762,0.7333974976,0.525965197,0.6798000519,0
213,1019,753,0.7389597645,0.5380233363,0.6737495577,0
214,1017,775,0.7620452311,0.5900393628,0.6475237955,0
215,1040,768,0.7384615385,0.5369358216,0.6742956,0
216,934,726,0.7773019272,0.6261926562,0.6291277406,1
217,1043,788,0.7555129434,0.5749955238,0.6551337209,0
218,980,771,0.7867346939,0.6492674693,0.6172912776,1
219,1051,766,0.728829686,0.5161986892,0.6846950334,0
220,982,747,0.7606924644,0.5869026611,0.6491124515,0
221,1073,757,0.7054986021,0.468195472,0.7087113111,0
222,953,751,0.7880377754,0.6524989929,0.6156268874,1
223,1040,771,0.7413461538,0.5432526492,0.6711228503,0
224,1047,749,0.7153772684,0.4881397166,0.6987384088,0
225,1020,770,0.7549019608,0.5736016565,0.6558376549,0
226,993,750,0.7552870091,0.5744798248,0.6553941821,0
227,1086,788,0.7255985267,0.5093636082,0.6881182878,0
228,1023,757,0.7399804497,0.5402558447,0.6726283774,0
229,1001,716,0.7152847153,0.4879502795,0.6988331532,0
230,961,748,0.7783558793,0.6287432957,0.6278233232,1
231,1041,764,0.7339097022,0.5270679687,0.6792470456,0
232,965,727,0.7533678756,0.5701117989,0.6575993035,0
233,1015,764,0.7527093596,0.5686181075,0.65835296,0
234,975,763,0.7825641026,0.6389965353,0.6225700164,1
235,1121,795,0.7091882248,0.4755796739,0.7050191925,0
236,1061,765,0.7210179076,0.4997777187,0.6929164285,0
237,1031,771,0.7478176528,0.5576039928,0.6639041785,0
238,1021,763,0.7473065622,0.5564615027,0.6644794219,0
239,1078,758,0.7031539889,0.4635430468,0.7110375995,0
240,1038,753,0.725433526,0.5090162003,0.688292234,0
241,1042,773,0.7418426104,0.5443447786,0.6705740388,0
242,938,775,0.8262260128,0.7520302825,0.5633387753,1
243,1080,810,0.75,0.5625,0.6614378278,0
244,1053,763,0.7245963913,0.5072560516,0.6891734686,0
245,1034,794,0.7678916828,0.6037242597,0.6405797089,1
246,1003,771,0.7686939182,0.6056184142,0.6396168072,1
247,1087,788,0.7249310028,0.5079591138,0.6888214872,0
248,1000,784,0.784,0.6425204053,0.6207608235,1
249,998,759,0.7605210421,0.5865059745,0.6493132869,0
250,952,693,0.7279411765,0.5143131106,0.6856395872,0
251,1068,717,0.6713483146,0.4034432424,0.741141984,0
252,1003,731,0.7288135593,0.5161644245,0.6847121992,0
253,1072,783,0.7304104478,0.5195647358,0.6830084756,0
254,960,752,0.7833333333,0.640882716,0.6216018733,1
255,1055,758,0.7184834123,0.4945258233,0.6955440937,0
256,997,768,0.7703109328,0.6094483727,0.6376684615,1
257,966,774,0.801242236,0.6858517315,0.5983401033,1
258,976,774,0.7930327869,0.6649854847,0.6091789548,1
259,989,733,0.7411526795,0.5428274307,0.6713365071,0
260,1031,740,0.7177497575,0.4930124651,0.6963011458,0
261,1052,756,0.7186311787,0.4948310049,0.6953914214,0
262,941,756,0.8034006376,0.6914093573,0.5954388428,1
263,1105,782,0.7076923077,0.4725765438,0.7065207694,0
264,983,727,0.7395727365,0.539363329,0.673076643,0
265,966,755,0.781573499,0.6365729971,0.6238131657,1
266,959,765,0.7977059437,0.676810707,0.6030466212,1
267,1100,756,0.6872727273,0.4328386837,0.7263994757,0
268,1047,781,0.7459407832,0.5534161047,0.6660122731,0
269,982,758,0.7718940937,0.6132137581,0.6357511369,1
270,946,716,0.7568710359,0.5781018968,0.6535642546,0
271,1042,728,0.6986564299,0.4547049873,0.7154573313,0
272,994,738,0.7424547284,0.5456933595,0.669896243,0
273,995,747,0.7507537688,0.564197685,0.6605821513,0
274,1025,732,0.7141463415,0.4856242703,0.6999964307,0
275,999,758,0.7587587588,0.5824382507,0.6513717418,0
276,971,763,0.7857878476,0.6469260818,0.6184961266,1
277,1024,793,0.7744140625,0.6192391825,0.6326791128,1
278,956,757,0.7918410042,0.6619919347,0.6107272911,1
279,1104,783,0.7092391304,0.4756820928,0.7049679822,0
280,1016,724,0.7125984252,0.4824733298,0.701572152,0
281,1027,737,0.717624148,0.4927536721,0.6964306011,0
282,1037,735,0.7087753134,0.4747494658,0.7054343025,0
283,1031,763,0.7400581959,0.540426149,0.6725428363,0
284,1016,741,0.7293307087,0.5172639795,0.6841613241,0
285,1010,759,0.7514851485,0.5658482055,0.6597500069,0
286,937,725,0.7737459979,0.6176379654,0.6334959596,1
287,1000,757,0.757,0.5783974573,0.6534148759,0
288,955,716,0.7497382199,0.5619112003,0.6617345402,0
289,1017,742,0.7295968535,0.5178304607,0.6838774973,0
290,975,770,0.7897435897,0.6567454385,0.6134370892,1
291,1048,741,0.7070610687,0.4713131017,0.7071524907,0
292,987,749,0.7588652482,0.5826835154,0.6512476756,0
293,1009,744,0.7373637265,0.5345447205,0.6754959178,0
294,954,740,0.7756813417,0.6222841963,0.6311247548,1
295,1006,766,0.7614314115,0.5886146992,0.6482454825,0
296,989,707,0.7148634985,0.4870887547,0.6992640263,0
297,1040,776,0.7461538462,0.5538904567,0.6657735635,0
298,1005,757,0.7532338308,0.5698075375,0.6577528381,0
299,1123,778,0.6927871772,0.4433413698,0.7211420991,0
300,1053,782,0.742640076,0.5461021448,0.6696907626,0
301,1007,767,0.7616683217,0.5891642913,0.6479671038,0
302,1035,763,0.7371980676,0.5341845231,0.6756767046,0
303,1051,777,0.7392959087,0.5387578919,0.6733806943,0
304,968,748,0.7727272727,0.6152016028,0.6347381838,1
305,1044,755,0.7231800766,0.5042873749,0.690659523,0
306,945,727,0.7693121693,0.6070808642,0.6388730595,1
307,1074,778,0.7243947858,0.5068327658,0.6893853743,0
308,1102,783,0.7105263158,0.4782767167,0.7036706293,0
309,1040,750,0.7211538462,0.5000604518,0.6927749492,0
310,962,708,0.735966736,0.5315122686,0.6770176981,0
311,1072,755,0.7042910448,0.465795443,0.7099113496,0
312,1056,743,0.7035984848,0.4644226832,0.7105977569,0
313,1067,783,0.7338331771,0.5269031131,0.6793297198,0
314,959,718,0.7486965589,0.5595723515,0.662912862,0
315,1096,776,0.7080291971,0.4732517602,0.7061831604,0
316,1025,757,0.7385365854,0.5370995382,0.6742134025,0
317,1019,761,0.7468105986,0.5553543205,0.6650367883,0
318,1020,752,0.737254902,0.5343080816,0.6756146901,0
319,1087,791,0.7276908924,0.5137827925,0.6859052159,0
320,1023,733,0.7165200391,0.4904827741,0.6975665083,0
321,1032,743,0.7199612403,0.4975836322,0.694014274,0
322,925,720,0.7783783784,0.6287978205,0.6277954285,1
323,1073,761,0.7092264678,0.4756566151,0.7049807212,0
324,1025,772,0.7531707317,0.5696643495,0.6578250899,0
325,1020,759,0.7441176471,0.5493682407,0.6680485965,0
326,995,792,0.7959798995,0.6724268386,0.6053230539,1
327,1095,759,0.6931506849,0.4440396041,0.7207927081,0
328,969,740,0.7636738906,0.5938305886,0.6456021908,0
329,1060,772,0.7283018868,0.5150780488,0.6852564204,0
330,1006,766,0.7614314115,0.5886146992,0.6482454825,0
331,1057,775,0.7332071902,0.5255558592,0.6800053061,0
332,1055,770,0.7298578199,0.5183863213,0.683598978,0
333,1012,753,0.7440711462,0.5492652551,0.6681003887,0
334,957,771,0.8056426332,0.6972139331,0.5924018463,1
335,1030,746,0.7242718447,0.5065747572,0.6895145358,0
336,1006,775,0.7703777336,0.6096069392,0.6375877568,1
337,1040,792,0.7615384615,0.588862995,0.6481197201,0
338,961,710,0.7388137357,0.5377044365,0.6739096853,0
339,1063,782,0.73565381,0.5308345751,0.6773577134,0
340,975,737,0.7558974359,0.5758738435,0.6546900537,0
341,979,758,0.7742594484,0.6188683577,0.6328683169,1
342,1004,793,0.7898406375,0.6569875809,0.6133121289,1
343,1078,831,0.7708719852,0.6107810095,0.6369900961,1
344,932,714,0.7660944206,0.5994950961,0.6427280441,1
345,1029,729,0.7084548105,0.4741057224,0.7057561771,0
346,953,764,0.8016789087,0.6869736992,0.5977549057,1
347,1021,751,0.735553379,0.5306171973,0.6774667716,0
348,1005,771,0.7671641791,0.6020099724,0.6414507949,1
349,1033,762,0.7376573088,0.5351834638,0.6751753067,0
350,955,754,0.7895287958,0.6562097207,0.6137135167,1
351,1040,763,0.7336538462,0.5265169206,0.6795233874,0
352,965,733,0.7595854922,0.5843441768,0.6504074723,0
353,1049,714,0.6806482364,0.4204427881,0.7326103864,0
354,1022,736,0.7201565558,0.4979887046,0.6938115992,0
355,1079,784,0.7265987025,0.5114728561,0.6870620973,0
356,1021,775,0.7590597453,0.5831316555,0.6510209697,0
357,1005,777,0.7731343284,0.6161743388,0.634242312,1
358,968,728,0.7520661157,0.5671615786,0.6590876707,0
359,1067,751,0.7038425492,0.4649061479,0.7103560135,0
360,1010,747,0.7396039604,0.5394316457,0.6730423328,0
361,979,769,0.7854954035,0.6462040575,0.6188674908,1
362,982,740,0.7535641548,0.5705575182,0.6573743717,0
363,1017,727,0.714847591,0.4870562385,0.6992802884,0
364,985,757,0.7685279188,0.605226149,0.6398162534,1
365,1010,733,0.7257425743,0.5096670287,0.6879663625,0
366,946,767,0.810782241,0.7106428965,0.5853478946,1
367,1072,762,0.7108208955,0.4788718349,0.703373055,0
368,1004,765,0.7619521912,0.5898232715,0.6476332745,0
369,963,733,0.7611630322,0.587992517,0.6485605896,0
370,950,743,0.7821052632,0.6378732091,0.623146337,1
371,1094,789,0.7212065814,0.5001701623,0.6927200495,0
372,978,718,0.7341513292,0.5275887241,0.6789858804,0
373,978,742,0.7586912065,0.5822827013,0.6514504226,0
374,1001,779,0.7782217782,0.6284183777,0.6279895412,1
375,1046,760,0.7265774379,0.5114279511,0.6870845849,0
376,1009,737,0.7304261645,0.519598276,0.6829916677,0
377,1046,766,0.7323135755,0.5236365971,0.6809675668,0
378,980,769,0.7846938776,0.6442278997,0.6198834717,1
379,1034,783,0.7572533849,0.5789784596,0.653121207,0
380,997,743,0.7452357071,0.5518482923,0.6668011254,0
381,1030,714,0.6932038835,0.4441418506,0.7207415458,0
382,998,767,0.7685370741,0.6052477792,0.639805256,1
383,1019,737,0.7232580962,0.5044506061,0.6905778206,0
384,1040,741,0.7125,0.4822734375,0.70167211,0
385,1048,778,0.7423664122,0.5454986494,0.6699941119,0
386,1003,770,0.7676969093,0.6032649774,0.6408131206,1
387,1023,736,0.7194525904,0.4965297543,0.6945415539,0
388,1043,756,0.7248322148,0.5077514798,0.688925439,0
389,1010,736,0.7287128713,0.5159505245,0.6848193566,0
390,972,755,0.7767489712,0.6248572263,0.6298103173,1
391,999,756,0.7567567568,0.5778400753,0.6536965742,0
392,1029,731,0.7103984451,0.4780185423,0.7037997224,0
393,979,768,0.784473953,0.6436863822,0.6201617668,1
394,921,723,0.7850162866,0.6450223125,0.6194751244,1
395,1030,749,0.727184466,0.5127108589,0.6864420969,0
396,1037,752,0.725168756,0.5084590588,0.6885711839,0
397,959,746,0.7778936392,0.6276237906,0.6283959628,1
398,934,734,0.7858672377,0.6471221833,0.6183952496,1
399,1046,737,0.7045889101,0.4663866887,0.7096157183,0
400,968,740,0.7644628099,0.5956728746,0.6446678309,0
401,980,779,0.7948979592,0.6696885637,0.6067431372,1
402,988,728,0.7368421053,0.5334110901,0.6760648726,0
403,1103,744,0.6745240254,0.4091956478,0.7382528965,0
404,959,740,0.771637122,0.612601526,0.6360630094,1
405,990,776,0.7838383838,0.6421231339,0.6209648847,1
406,976,759,0.7776639344,0.6270679603,0.6286802089,1
407,1071,725,0.6769374416,0.413603632,0.736040556,0
408,945,686,0.7259259259,0.5100534133,0.6877728913,0
409,984,760,0.7723577236,0.6143193827,0.6351878044,1
410,1035,749,0.7236714976,0.5053161055,0.6901445961,0
411,1016,761,0.749015748,0.5602883381,0.6625521936,0
412,1024,752,0.734375,0.5280710856,0.6787439572,0
413,1030,736,0.7145631068,0.4864749762,0.6995709874,0
414,939,772,0.8221512247,0.7409584597,0.5692691487,1
415,1026,762,0.7426900585,0.5462124165,0.6696353314,0
416,1067,776,0.7272727273,0.5128975707,0.686348585,0
417,1002,712,0.7105788423,0.4783827961,0.7036175871,0
418,979,736,0.7517875383,0.5665315547,0.6594054119,0
419,1056,738,0.6988636364,0.4551096744,0.715254932,0
420,1017,711,0.6991150442,0.4556010119,0.7150091992,0
421,1000,734,0.734,0.5272625387,0.6791494681,0
422,937,772,0.8239060832,0.7457132588,0.566726359,1
423,1029,732,0.7113702624,0.4799829996,0.702817437,0
424,994,746,0.7505030181,0.56363255,0.6608670213,0
425,1025,757,0.7385365854,0.5370995382,0.6742134025,0
426,942,725,0.7696390658,0.6078550763,0.6384792153,1
427,1081,795,0.7354301573,0.5303505709,0.6776005341,0
428,1011,737,0.7289812067,0.516520703,0.6845337101,0
429,959,753,0.7851929093,0.6454577856,0.6192512376,1
430,1027,776,0.7555988315,0.5751916457,0.65503466,0
431,1016,752,0.7401574803,0.540643685,0.6724335687,0
432,974,735,0.7546201232,0.5729594453,0.6561619234,0
433,977,738,0.7553735926,0.5746774168,0.6552943885,0
434,1021,747,0.7316356513,0.5221837056,0.6816958807,0
435,1001,727,0.7262737263,0.5107868838,0.6874056114,0
436,1034,727,0.7030947776,0.4634259543,0.7110961495,0
437,973,748,0.7687564234,0.6057661611,0.6395416808,1
438,936,744,0.7948717949,0.6696224369,0.6067774137,1
439,1057,791,0.7483443709,0.5587830517,0.6633104119,0
440,985,744,0.7553299492,0.5745778128,0.6553446939,0
441,1003,764,0.7617148554,0.5892722819,0.6479124007,0
442,965,732,0.7585492228,0.5819558521,0.6516157431,0
443,1017,758,0.7453294002,0.5520564581,0.6666963966,0
444,979,734,0.7497446374,0.5619256297,0.6617272691,0
445,1037,787,0.7589199614,0.5828095566,0.6511839158,0
446,870,706,0.8114942529,0.7125167559,0.5843604004,1
447,1038,764,0.7360308285,0.5316511429,0.6769480183,0
448,1022,741,0.7250489237,0.5082070356,0.6886973633,0
449,936,764,0.8162393162,0.7250889156,0.5777139246,1
450,1037,750,0.7232401157,0.5044129846,0.6905966515,0
451,1064,727,0.6832706767,0.4253212537,0.7301651747,0
452,992,718,0.7237903226,0.5055650612,0.6900199772,0
453,1011,770,0.7616221563,0.5890571683,0.6480213662,0
454,941,749,0.7959617428,0.6723808246,0.6053469286,1
455,1061,742,0.6993402451,0.456041432,0.714788935,0
456,1002,742,0.7405189621,0.5414361986,0.6720354654,0
457,979,725,0.7405515832,0.5415077554,0.6719995183,0
458,962,761,0.7910602911,0.6600357981,0.6117381923,1
459,1018,713,0.7003929273,0.4581039032,0.713757485,0
460,1009,748,0.7413280476,0.5432128458,0.6711428506,0
461,1067,797,0.7469540769,0.5556744682,0.6648756328,0
462,927,738,0.7961165049,0.6727731019,0.6051433803,1
463,1079,751,0.6960148285,0.4495667813,0.7180274079,0
464,1029,758,0.7366375121,0.5329668893,0.6762877906,0
465,1004,758,0.7549800797,0.5737797475,0.6557477253,0
466,1003,766,0.7637088734,0.5939121999,0.6455608079,0
467,1060,768,0.7245283019,0.5071130665,0.6892450506,0
468,1041,755,0.7252641691,0.5086597845,0.6884706857,0
469,1039,762,0.7333974976,0.525965197,0.6798000519,0
470,953,757,0.7943336831,0.6682633957,0.6074816869,1
471,1098,766,0.6976320583,0.4527078499,0.7164562173,0
472,962,722,0.7505197505,0.5636702493,0.6608480189,0
473,1008,752,0.746031746,0.5536185864,0.6659103798,0
474,1023,759,0.7419354839,0.5445492487,0.6704712803,0
475,1034,755,0.7301740812,0.5190604934,0.6832611588,0
476,1028,743,0.7227626459,0.5034146315,0.6910963447,0
477,1027,749,0.729308666,0.517217081,0.6841848213,0
478,986,733,0.7434077079,0.5477973358,0.6688385305,0
479,1031,769,0.7458777886,0.5532759087,0.6660828211,0
480,1042,755,0.7245681382,0.507196718,0.6892031726,0
481,1032,779,0.7548449612,0.5734717354,0.6559032585,0
482,945,752,0.7957671958,0.6718879199,0.6056026504,1
483,1083,752,0.6943674977,0.4463822208,0.7196205793,0
484,1041,745,0.7156580211,0.4887146595,0.698450855,0
485,1029,745,0.7240038873,0.5060127158,0.689795891,0
486,1005,735,0.7313432836,0.5215579487,0.6820095319,0
487,1016,734,0.7224409449,0.5027427223,0.6914326295,0
488,1007,738,0.7328699106,0.5248309166,0.6803687927,0
489,1011,757,0.7487636004,0.5597226844,0.6628371374,0
490,944,769,0.8146186441,0.7207784161,0.5799969524,1
491,1084,731,0.6743542435,0.4088867344,0.7384079863,0
492,1011,758,0.7497527201,0.5619438036,0.6617181112,0
493,1049,775,0.7387988561,0.5376719492,0.6739259976,0
494,982,754,0.7678207739,0.6035570273,0.640664701,1
495,998,766,0.7675350701,0.6028835328,0.6410069548,1
496,1004,729,0.7260956175,0.5104111854,0.6875937421,0
497,1050,792,0.7542857143,0.5721980641,0.6565463131,0
498,985,750,0.7614213198,0.5885912957,0.6482573361,0
499,1076,710,0.6598513011,0.3830689654,0.7513962073,0
500,1025,741,0.7229268293,0.5037577776,0.6909245976,0
501,1040,758,0.7288461538,0.5162336804,0.6846775037,0
502,986,752,0.7626774848,0.5915092133,0.646778984,0
503,1057,750,0.7095553453,0.4763186264,0.7046497087,0
504,1083,781,0.7211449677,0.5000419825,0.6927841912,0
505,1019,748,0.7340529931,0.5273767484,0.6790921906,0
506,975,749,0.7682051282,0.6044638634,0.6402037808,1
507,1045,742,0.7100478469,0.4773111516,0.7041534315,0
508,979,733,0.7487231869,0.5596320586,0.662882787,0
509,994,746,0.7505030181,0.56363255,0.6608670213,0
510,978,787,0.8047034765,0.6947784978,0.5936769449,1
511,1076,736,0.6840148699,0.4267125005,0.7294680649,0
512,1043,767,0.7353787152,0.5302392875,0.6776563622,0
513,978,750,0.7668711656,0.6013204342,0.6418010714,1
514,923,710,0.7692307692,0.6068881809,0.6389710664,1
515,1101,739,0.6712079927,0.4031903182,0.7412690675,0
516,1024,746,0.728515625,0.5155316691,0.6850291849,0
517,1034,773,0.747582205,0.5570774797,0.6641692907,0
518,954,742,0.7777777778,0.6273433928,0.6285393611,1
519,1107,794,0.7172538392,0.4919912526,0.6968119762,0
520,975,739,0.7579487179,0.5805748314,0.6523141428,0
521,1019,741,0.7271835132,0.5127088436,0.6864431062,0
522,951,722,0.7592008412,0.5834568977,0.6508564225,0
523,1040,767,0.7375,0.5348411458,0.675347133,0
524,1049,754,0.7187797903,0.4951380588,0.6952378105,0
525,1043,756,0.7248322148,0.5077514798,0.688925439,0
526,952,740,0.7773109244,0.6262144007,0.6291166242,1
527,1087,744,0.6844526219,0.4275322801,0.7290573423,0
528,983,737,0.7497456765,0.5619279661,0.6617260918,0
529,1009,750,0.7433102081,0.547581829,0.6689468847,0
530,916,737,0.8045851528,0.6944720621,0.5938372941,1
531,1043,765,0.7334611697,0.5261021987,0.6797313532,0
532,990,732,0.7393939394,0.5389722385,0.6732730519,0
533,1019,729,0.715407262,0.4882011179,0.6987076996,0
534,966,754,0.7805383023,0.6340469167,0.6251079576,1
535,1038,758,0.7302504817,0.5192234433,0.6831795035,0
536,1023,751,0.734115347,0.5275111533,0.679024784,0
537,995,745,0.7487437186,0.5596780989,0.6628595959,0
538,1003,752,0.7497507478,0.5619393688,0.6617203459,0
539,1026,756,0.7368421053,0.5334110901,0.6760648726,0
540,938,678,0.7228144989,0.5035229884,0.6910421117,0
541,1044,746,0.714559387,0.4864673789,0.6995747869,0
542,947,761,0.8035902851,0.6918991067,0.5951828741,1
543,1057,759,0.7180700095,0.4936726896,0.6959708769,0
544,1069,756,0.7072029935,0.4715969715,0.7070105558,0
545,1010,772,0.7643564356,0.5954242472,0.644793951,0
546,1026,756,0.7368421053,0.5334110901,0.6760648726,0
547,1058,740,0.6994328922,0.4562227024,0.7146982785,0
548,961,718,0.7471383975,0.5560859294,0.6646685001,0
549,1013,763,0.7532082922,0.5697495809,0.6577820829,0
550,1045,754,0.7215311005,0.5008456462,0.6923820268,0
551,1039,744,0.7160731473,0.4895656075,0.6980252487,0
552,1031,763,0.7400581959,0.540426149,0.6725428363,0
553,974,743,0.7628336756,0.591872698,0.6465947598,0
554,965,736,0.7626943005,0.5915483395,0.6467591545,0
555,1055,763,0.7232227488,0.5043766486,0.6906148388,0
556,950,694,0.7305263158,0.5198120371,0.6828845451,0
557,1022,764,0.747553816,0.557014018,0.6642012437,0
558,997,746,0.7482447342,0.5585598876,0.6634228047,0
559,1063,784,0.7375352775,0.5349179002,0.6753086068,0
560,1008,718,0.7123015873,0.4818706479,0.7018735276,0
561,1038,808,0.7784200385,0.6288987889,0.6277437723,1
562,989,757,0.7654196158,0.5979123175,0.6435315158,1
563,1024,735,0.7177734375,0.4930612631,0.6962767355,0
564,987,742,0.7517730496,0.5664988002,0.65942193,0
565,968,725,0.7489669421,0.56017882,0.6626073646,0
566,931,719,0.7722878625,0.6141526991,0.6352727425,1
567,1035,742,0.7169082126,0.4912803605,0.6971675658,0
568,1040,751,0.7221153846,0.5020633617,0.6917726298,0
569,976,770,0.7889344262,0.6547288214,0.6144773967,1
570,986,743,0.7535496957,0.5705246761,0.6573909461,0
571,1050,786,0.7485714286,0.5592918328,0.6630541579,0
572,986,731,0.7413793103,0.5433255429,0.6710862226,0
573,1062,749,0.7052730697,0.4677466001,0.7089357497,0
574,952,743,0.7804621849,0.6338614397,0.6252029894,1
575,1034,739,0.7147001934,0.4867550159,0.6994309355,0
576,989,762,0.7704752275,0.6098384119,0.6374699395,1
577,934,742,0.7944325482,0.6685129488,0.6073523906,1
578,1024,778,0.759765625,0.5847600003,0.6501970433,0
579,1060,748,0.7056603774,0.4685176264,0.7085502324,0
580,1003,746,0.7437686939,0.5485957262,0.66843708,0
581,992,769,0.7752016129,0.6211303344,0.6317139063,1
582,1006,796,0.7912524851,0.6605169969,0.6114895787,1
583,1082,782,0.7227356747,0.503358276,0.6911245507,0
584,1028,762,0.7412451362,0.5430306046,0.6712344211,0
585,990,766,0.7737373737,0.6176173132,0.6335064928,1
586,1019,793,0.7782139352,0.6283993781,0.6279992604,1
587,1089,730,0.6703397612,0.4016277181,0.7420543137,0
588,990,729,0.7363636364,0.5323726521,0.676585985,0
589,957,734,0.7669801463,0.601576833,0.6416708309,1
590,983,751,0.7639877925,0.5945631572,0.6452306975,0
591,1073,752,0.7008387698,0.4589792928,0.7133197171,0
592,996,747,0.75,0.5625,0.6614378278,0
593,988,752,0.7611336032,0.5879243188,0.6485951264,0
594,994,749,0.7535211268,0.5704597884,0.6574236925,0
595,1027,792,0.7711781889,0.6115091371,0.6366193533,1
596,1040,766,0.7365384615,0.532751925,0.6763956643,0
597,1013,759,0.7492596249,0.5608357999,0.6622763883,0
598,1006,752,0.7475149105,0.5569270553,0.664245029,0
599,1028,782,0.7607003891,0.586921004,0.6491031644,0
600,992,744,0.75,0.5625,0.6614378278,0
601,971,742,0.7641606591,0.5949668419,0.6450259584,0
602,981,764,0.7787971458,0.6298132458,0.627275861,1
603,1041,803,0.7713736792,0.6119742995,0.6363824692,1
604,968,742,0.7665289256,0.6005157198,0.6422097836,1
605,1055,777,0.736492891,0.532653045,0.6764452835,0
606,1045,763,0.7301435407,0.5189953648,0.6832937948,0
607,1003,747,0.7447657029,0.5508048339,0.6673260431,0
608,1079,746,0.6913809082,0.4406470682,0.7224904426,0